From;To;Type;Through;start_x;start_y;stop_x;stop_y;Comment
13;1690;sea;1019;655;3096;668;3105;Slemish-Arran
14;1684;sea;1019;677;3055;700;3064;Carrickfergus-Wigtown
35;1691;sea;696;671;3198;674;3203;Mull-Ardnamurchon
1546;1549;sea;966;877;2730;880;2735;Portsmouth-Carisbrooke
1667;1673;sea;1019;725;2933;730;2930;Caernarfon-Yns Mon
1684;1699;sea;1019;724;3059;729;3032;Wigtown-Ramsey
1692;1693;sea;992;660;3288;653;3305;Skye-Lewis
1692;1694;sea;696;638;3272;621;3279;Skye-Uists
1693;1694;sea;992;628;3294;622;3289;Lewis-Uists
1690;1689;sea;700;660;3132;675;3127;Arran-Islay
1689;1691;sea;700;656;3154;667;3180;Islay-Mull
1707;8;sea;693;820;3357;830;3369;Thurso-Kirkwall
1711;1692;sea;696;680;3241;686;3239;Glenfinnan-Skye
1845;4682;sea;954;657;1643;658;1630;Algeciras-Sabta
2113;2401;sea;3230;1189;2794;1184;2788;Bergen op Zoom-Brielle
2402;2401;sea;3230;1203;2794;1209;2795;Dort-Brielle
2407;2412;sea;973;1237;2893;1244;2903;Aalkmar-Wadeilannen
2413;2412;sea;973;1293;2908;1291;2913;Leeuwarden-Wadeilannen
2627;2633;sea;8653;1864;1706;1855;1701;Reggio-Messina
2652;2658;sea;8637;1477;1948;1482;1939;Bonifacio-Olbia
55;81;sea;1001;1518;3178;1517;3168;Lindholm-Aalborg
227;228;sea;999;1510;3065;1514;3061;Taulov-Middelfart
64;67;sea;999;1618;3022;1617;3014;Naestved-Nykobing
65;69;sea;999;1559;3050;1583;3055;Odense-Slagelse
66;68;sea;999;1560;3018;1571;3014;Svendborg-Nakskov
67;68;sea;999;1606;2998;1614;2999;Nykobing-Nakskov
73;433;sea;999;1641;3100;1647;3106;Helsingborg-Helsingora
180;216;sea;1005;2016;3398;1972;3382;Rauma-Sund
270;272;sea;986;1541;3618;1551;3616;Nidaros-Hitrar
307;314;sea;1003;1828;3146;1834;3144;Kalmar-Borgholm
344;217;sea;1005;1910;3376;1943;3370;Osthammar-Jomala
89;90;sea;632;2111;3251;2114;3253;Maasilinna-Muhu
89;91;sea;639;2096;3255;2095;3264;Maasilinna-Hiiumaa
92;91;sea;646;2108;3274;2115;3276;Haapsalu-Hiiumaa
93;90;sea;632;2125;3255;2129;3255;Lihula-Muhu
110;88;sea;639;2068;3191;2074;3209;Piltene-Kuressaare
472;3710;sea;1038;2109;1829;2101;1825;Buthrothum-Corfu
3701;474;sea;1037;2145;1754;2145;1743;Vonitsa-Cephalonia
474;3696;sea;1037;2145;1717;2151;1705;Cephalonia-Zakynthos
3727;3726;sea;942;2293;1778;2285;1774;Boudounitsa-Oreoi
485;3730;sea;942;2329;1748;2336;1750;Chalkis-Thebes
3755;3756;sea;942;2407;1703;2404;1707;Andros-Tinos
484;3756;sea;942;2430;1669;2424;1683;Naxos-Tinos
484;3757;sea;1017;2433;1620;2435;1645;Naxos-Thera
488;3725;sea;8666;2303;1815;2324;1807;Demetrias-Skopelos
3726;3725;sea;942;2315;1789;2325;1798;Oreoi-Skopelos
3740;3741;sea;936;2556;1608;2525;1644;Kos-Lindos
3741;3742;sea;8661;2556;1589;2531;1567;Lindos-Karpathos
3751;487;sea;1111;2466;1836;2463;1831;Alexandria Troas-Mytilene
3767;3769;sea;8665;2365;1933;2366;1927;Alexandria Xanthia-Thasos
495;3749;sea;947;2486;1912;2492;1908;Kalliopolis-Lampsakos
496;5565;sea;947;2594;1956;2602;1954;Constantinople-Chalcedon
464;459;sea;8650;1782;2229;1787;2231;Senj-Krk
459;2521;sea;8650;1775;2222;1766;2215;Krk-Cres
3555;3556;sea;1109;1913;2086;1922;2090;Mokro-Hvar
3556;3569;sea;1109;1930;2066;1942;2066;Hvar-Ston
562;598;sea;8670;2920;2292;2932;2292;Kerch-Tmutarkan (Kerch strait)
849;8713;sea;8622;158;1214;136;1228;GranCanaria-Tenerife
849;8714;sea;8622;180;1209;219;1207;GranCanaria-Fuerteventura
8714;8715;sea;8622;246;1244;250;1248;Fuerteventura-Lanzarote
6157;6156;sea;1394;3677;1192;3686;1192;Al-Khatt-Uwal
6150;6156;sea;1394;3696;1186;3709;1178;Murwab-Uwal
4186;4187;sea;1393;3959;1266;3949;1256;Shahru-Laft (Strait of Hormuz)
6132;4187;sea;1393;3962;1222;3949;1239;Musandam-Laft (Strait of Hormuz)
6282;8340;sea;1385;3386;514;3374;511;Al-Mandab-Assab
6282;8341;sea;1385;3398;507;3386;492;Al-Mandab-Awbuk
8286;8280;sea;8673;3216;641;3215;635;Buri-Dahlak Kebir
1295;3355;sea;1397;4699;1143;4704;1138;Kanthakota-Morvi
1360;8712;sea;8683;4951;267;4932;280;Mahal-Thiladhunmathi #Maldives
5799;5801;river_large;5855;-1;-1;-1;-1;b_arkhangelsk ~ b_pertominsk
5799;5798;river_large;5855;-1;-1;-1;-1;b_arkhangelsk ~ b_kholmogory
5798;5849;river_large;5855;-1;-1;-1;-1;b_kholmogory ~ b_kevrola
5800;5849;river_large;5855;-1;-1;-1;-1;b_brin_navolok ~ b_kevrola
5800;5850;river_large;8586;-1;-1;-1;-1;b_brin_navolok ~ b_verkola
5850;5848;river_large;8586;-1;-1;-1;-1;b_verkola ~ b_yemetsk
5850;5844;river_large;5856;-1;-1;-1;-1;b_verkola ~ b_bereznik
5851;5844;river_large;5856;-1;-1;-1;-1;b_osmova ~ b_bereznik
5851;5843;river_large;5857;-1;-1;-1;-1;b_osmova ~ b_krasny_bor
5841;5843;river_large;5857;-1;-1;-1;-1;b_usyorga ~ b_krasny_bor
5844;5841;river_large;5857;-1;-1;-1;-1;b_bereznik ~ b_usyorga
5841;5840;river_large;5857;-1;-1;-1;-1;b_usyorga ~ b_kotlas
264;261;river_large;8558;-1;-1;-1;-1;b_dale ~ b_bremanger
263;261;river_large;8558;-1;-1;-1;-1;b_fjarlandi ~ b_bremanger
263;262;river_large;8558;-1;-1;-1;-1;b_fjarlandi ~ b_stolsheimen
5815;5159;river_large;1101;-1;-1;-1;-1;b_vitzgora ~ b_vyangi
196;5160;river_large;1084;-1;-1;-1;-1;b_soutjarvi ~ b_podporozhye
258;255;river_large;8559;-1;-1;-1;-1;b_northrihordalandi ~ b_hardanger
5816;5159;river_large;1101;-1;-1;-1;-1;b_ostrov_BJA ~ b_vyangi
257;255;river_large;8559;-1;-1;-1;-1;b_bjorgvin ~ b_hardanger
193;5160;river_large;1084;-1;-1;-1;-1;b_aunus ~ b_podporozhye
5816;5156;river_large;1101;-1;-1;-1;-1;b_ostrov_BJA ~ b_beloozero
5817;5156;river_large;8572;-1;-1;-1;-1;b_kirillov ~ b_beloozero
5817;5157;river_large;1100;-1;-1;-1;-1;b_kirillov ~ b_cherepovets
5138;5154;river_large;1085;-1;-1;-1;-1;b_ladoga ~ b_kirishi
5157;5824;river_large;1100;-1;-1;-1;-1;b_cherepovets ~ b_vologda
5157;5825;river_large;1100;-1;-1;-1;-1;b_cherepovets ~ b_sheksna
5825;5158;river_large;1100;-1;-1;-1;-1;b_sheksna ~ b_ves_yogonska
5138;5254;river_large;1085;-1;-1;-1;-1;b_ladoga ~ b_svolensk
5139;5254;river_large;1085;-1;-1;-1;-1;b_lyuban ~ b_svolensk
5137;5254;river_large;1085;-1;-1;-1;-1;b_novgorod ~ b_svolensk
5825;572;river_large;8573;-1;-1;-1;-1;b_sheksna ~ b_yaroslavl
5828;572;river_large;8579;-1;-1;-1;-1;b_vyatskoye ~ b_yaroslavl
5137;5163;river_large;8569;-1;-1;-1;-1;b_novgorod ~ b_seltsa_u_nishi
5158;572;river_large;8573;-1;-1;-1;-1;b_ves_yogonska ~ b_yaroslavl
5176;572;river_large;1105;-1;-1;-1;-1;b_mologa ~ b_yaroslavl
5828;5249;river_large;8579;-1;-1;-1;-1;b_vyatskoye ~ b_sol_vilikaya
5251;5249;river_large;8579;-1;-1;-1;-1;b_kostroma ~ b_sol_vilikaya
5143;5163;river_large;8570;-1;-1;-1;-1;b_rusa ~ b_seltsa_u_nishi
5176;571;river_large;1105;-1;-1;-1;-1;b_mologa ~ b_uglich
5452;886;river_large;5511;-1;-1;-1;-1;b_krasnokamsk ~ b_perm
5251;5247;river_large;8580;-1;-1;-1;-1;b_kostroma ~ b_plyos
5251;5246;river_large;8580;-1;-1;-1;-1;b_kostroma ~ b_kineshma
5250;5246;river_large;8580;-1;-1;-1;-1;b_manturovo ~ b_kineshma
5450;886;river_large;5511;-1;-1;-1;-1;b_nytva ~ b_perm
5246;5256;river_large;1098;-1;-1;-1;-1;b_kineshma ~ b_makariev
5143;5162;river_large;8570;-1;-1;-1;-1;b_rusa ~ b_kholm_NOV
5175;571;river_large;1105;-1;-1;-1;-1;b_kashin ~ b_uglich
5175;573;river_large;1105;-1;-1;-1;-1;b_kashin ~ b_pereyaslavl_zalessky
5450;5438;river_large;5511;-1;-1;-1;-1;b_nytva ~ b_okhansk
5246;585;river_large;1098;-1;-1;-1;-1;b_kineshma ~ b_gorodets
5145;5162;river_large;8570;-1;-1;-1;-1;b_loknya ~ b_kholm_NOV
5175;5243;river_large;1105;-1;-1;-1;-1;b_kashin ~ b_klin
584;585;river_large;1098;-1;-1;-1;-1;b_nizhny_novgorod ~ b_gorodets
5165;5171;river_large;1106;-1;-1;-1;-1;b_klichen ~ b_andreapol
5164;5173;river_large;8578;-1;-1;-1;-1;b_torzhok ~ b_tver
5175;5173;river_large;8578;-1;-1;-1;-1;b_kashin ~ b_tver
104;108;river_large;3241;-1;-1;-1;-1;b_riga ~ b_uxkull
108;107;river_large;3241;-1;-1;-1;-1;b_uxkull ~ b_mitau
5449;5438;river_large;5511;-1;-1;-1;-1;b_votkinsk ~ b_okhansk
5449;5437;river_large;5511;-1;-1;-1;-1;b_votkinsk ~ b_sebur
5171;5164;river_large;1106;-1;-1;-1;-1;b_andreapol ~ b_torzhok
107;134;river_large;3241;-1;-1;-1;-1;b_mitau ~ b_lennewarden
134;133;river_large;3241;-1;-1;-1;-1;b_lennewarden ~ b_selpils
5164;5174;river_large;8578;-1;-1;-1;-1;b_torzhok ~ b_volok_lamsky
5145;5161;river_large;1087;-1;-1;-1;-1;b_loknya ~ b_luki
5394;590;river_large;1097;-1;-1;-1;-1;b_arda ~ b_cheboksary
5151;5162;river_large;1087;-1;-1;-1;-1;b_nevel ~ b_kholm_NOV
5151;5161;river_large;1087;-1;-1;-1;-1;b_nevel ~ b_luki
103;133;river_large;3241;-1;-1;-1;-1;b_kokenois ~ b_selpils
585;5235;river_large;1098;-1;-1;-1;-1;b_gorodets ~ b_pavlovo
5404;5437;river_large;1487;-1;-1;-1;-1;b_izhevsk ~ b_sebur
584;5235;river_large;1098;-1;-1;-1;-1;b_nizhny_novgorod ~ b_pavlovo
5470;590;river_large;1097;-1;-1;-1;-1;b_cykma ~ b_cheboksary
5470;5359;river_large;1097;-1;-1;-1;-1;b_cykma ~ b_lachyk-uba
588;590;river_large;1097;-1;-1;-1;-1;b_yoshkar-ola ~ b_cheboksary
133;135;river_large;1081;-1;-1;-1;-1;b_selpils ~ b_jekabpils
135;150;river_large;1081;-1;-1;-1;-1;b_jekabpils ~ b_oknist
5164;5227;river_large;1106;-1;-1;-1;-1;b_torzhok ~ b_zubstov
5470;5361;river_large;1097;-1;-1;-1;-1;b_cykma ~ b_chatzk
581;5235;river_large;8574;-1;-1;-1;-1;b_murom ~ b_pavlovo
585;5361;river_large;1097;-1;-1;-1;-1;b_gorodets ~ b_chatzk
5393;590;river_large;1097;-1;-1;-1;-1;b_volzhsk ~ b_cheboksary
150;136;river_large;1081;-1;-1;-1;-1;b_oknist ~ b_jersika
5393;5363;river_large;8581;-1;-1;-1;-1;b_volzhsk ~ b_urmary
150;137;river_large;1081;-1;-1;-1;-1;b_oknist ~ b_daugavpils
5393;614;river_large;8581;-1;-1;-1;-1;b_volzhsk ~ b_ashli
611;614;river_large;8581;-1;-1;-1;-1;b_kazan ~ b_ashli
137;166;river_large;1081;-1;-1;-1;-1;b_daugavpils ~ b_braslau
5404;5409;river_large;1487;-1;-1;-1;-1;b_izhevsk ~ b_agidel
5404;5408;river_large;1487;-1;-1;-1;-1;b_izhevsk ~ b_yar_calli
5130;5131;river_large;3242;-1;-1;-1;-1;b_drysa ~ b_myory
166;5130;river_large;1081;-1;-1;-1;-1;b_braslau ~ b_drysa
581;5234;river_large;1102;-1;-1;-1;-1;b_murom ~ b_vyksa
5403;5408;river_large;1487;-1;-1;-1;-1;b_elabuga ~ b_yar_calli
5151;5135;river_large;1087;-1;-1;-1;-1;b_nevel ~ b_haradok
5131;5129;river_large;3242;-1;-1;-1;-1;b_myory ~ b_polotsk
5223;569;river_large;8567;-1;-1;-1;-1;b_dukhovshchina ~ b_vyazma
614;5397;river_large;1096;-1;-1;-1;-1;b_ashli ~ b_kashan_VB
5402;5408;river_large;5510;-1;-1;-1;-1;b_voloz ~ b_yar_calli
5129;5132;river_large;626;-1;-1;-1;-1;b_polotsk ~ b_vetrino
5402;5407;river_large;5510;-1;-1;-1;-1;b_voloz ~ b_tukhchi
5233;5234;river_large;1102;-1;-1;-1;-1;b_gorodets-meshchyorsky ~ b_vyksa
5135;5222;river_large;1082;-1;-1;-1;-1;b_haradok ~ b_velizh
5135;5134;river_large;1082;-1;-1;-1;-1;b_haradok ~ b_vitebsk
5238;5228;river_large;1099;-1;-1;-1;-1;b_yegoryevsk ~ b_pereyaslavl_ryazanski
5230;5228;river_large;1099;-1;-1;-1;-1;b_klepiki ~ b_pereyaslavl_ryazanski
5400;5405;river_large;8577;-1;-1;-1;-1;b_otarka ~ b_cukataw
5400;5407;river_large;5510;-1;-1;-1;-1;b_otarka ~ b_tukhchi
578;5228;river_large;1099;-1;-1;-1;-1;b_kolomna ~ b_pereyaslavl_ryazanski
5397;610;river_large;8577;-1;-1;-1;-1;b_kashan_VB ~ b_bolghar
5397;5405;river_large;8577;-1;-1;-1;-1;b_kashan_VB ~ b_cukataw
587;5218;river_large;8575;-1;-1;-1;-1;b_mozhaysk ~ b_suvorov
5245;5218;river_large;8575;-1;-1;-1;-1;b_serpukhov ~ b_suvorov
5233;580;river_large;1102;-1;-1;-1;-1;b_gorodets-meshchyorsky ~ b_ryazan
5132;5135;river_large;626;-1;-1;-1;-1;b_vetrino ~ b_haradok
5253;580;river_large;1102;-1;-1;-1;-1;b_vaskina_polyana ~ b_ryazan
614;610;river_large;1096;-1;-1;-1;-1;b_ashli ~ b_bolghar
578;5229;river_large;8575;-1;-1;-1;-1;b_kolomna ~ b_rostislavl
578;5218;river_large;8575;-1;-1;-1;-1;b_kolomna ~ b_suvorov
5228;5253;river_large;1099;-1;-1;-1;-1;b_pereyaslavl_ryazanski ~ b_vaskina_polyana
5135;934;river_large;626;-1;-1;-1;-1;b_haradok ~ b_lukoml
5223;5219;river_large;8567;-1;-1;-1;-1;b_dukhovshchina ~ b_dorogobyzh
5213;5218;river_large;1104;-1;-1;-1;-1;b_vorotynsk ~ b_suvorov
5253;577;river_large;1099;-1;-1;-1;-1;b_vaskina_polyana ~ b_pronsk
5221;568;river_large;1078;-1;-1;-1;-1;b_gnezdovo ~ b_smolensk
5223;568;river_large;1078;-1;-1;-1;-1;b_dukhovshchina ~ b_smolensk
5127;568;river_large;1078;-1;-1;-1;-1;b_orsha ~ b_smolensk
5218;5214;river_large;1104;-1;-1;-1;-1;b_suvorov ~ b_belev
1589;1587;river_large;689;-1;-1;-1;-1;b_cottingham ~ b_grimsby
5214;5217;river_large;1104;-1;-1;-1;-1;b_belev ~ b_odoyev
5127;551;river_large;1078;-1;-1;-1;-1;b_orsha ~ b_mstislavl
2830;2831;river_large;1052;-1;-1;-1;-1;b_gdansk ~ b_wislana
591;5406;river_large;1096;-1;-1;-1;-1;b_simbirsk ~ b_suvar
5212;933;river_large;1075;-1;-1;-1;-1;b_kozelsk ~ b_roslavl
2797;2792;river_large;3237;-1;-1;-1;-1;b_ditmarschen ~ b_cuxhaven
2797;2795;river_large;3237;-1;-1;-1;-1;b_ditmarschen ~ b_stade
2798;2795;river_large;3237;-1;-1;-1;-1;b_itzehoe ~ b_stade
3194;2831;river_large;1052;-1;-1;-1;-1;b_trsow ~ b_wislana
5128;551;river_large;8566;-1;-1;-1;-1;b_drutsk ~ b_mstislavl
2792;2798;river_large;3237;-1;-1;-1;-1;b_cuxhaven ~ b_itzehoe
3194;2834;river_large;1052;-1;-1;-1;-1;b_trsow ~ b_marienburg
5211;5217;river_large;8576;-1;-1;-1;-1;b_oryol ~ b_odoyev
3194;3197;river_large;1052;-1;-1;-1;-1;b_trsow ~ b_graudenz
933;5209;river_large;1075;-1;-1;-1;-1;b_roslavl ~ b_karachev
2798;2803;river_large;3237;-1;-1;-1;-1;b_itzehoe ~ b_buxtehude
2802;2803;river_large;3237;-1;-1;-1;-1;b_hamburg ~ b_buxtehude
5209;576;river_large;1075;-1;-1;-1;-1;b_karachev ~ b_debryansk
5128;5225;river_large;8566;-1;-1;-1;-1;b_drutsk ~ b_cherykaw
2795;2802;river_large;3237;-1;-1;-1;-1;b_stade ~ b_hamburg
2802;2893;river_large;3237;-1;-1;-1;-1;b_hamburg ~ b_luneburg
2805;2893;river_large;3238;-1;-1;-1;-1;b_ahrensburg ~ b_luneburg
3196;3197;river_large;1052;-1;-1;-1;-1;b_schwetz ~ b_graudenz
5211;5216;river_large;8576;-1;-1;-1;-1;b_oryol ~ b_mtensk
2803;2805;river_large;3237;-1;-1;-1;-1;b_buxtehude ~ b_ahrensburg
2805;2937;river_large;3238;-1;-1;-1;-1;b_ahrensburg ~ b_uelzen
2808;2937;river_large;3238;-1;-1;-1;-1;b_schwerin ~ b_uelzen
591;5412;river_large;1096;-1;-1;-1;-1;b_simbirsk ~ b_karabolam
2808;2894;river_large;3238;-1;-1;-1;-1;b_schwerin ~ b_dannenberg
3196;3198;river_large;1052;-1;-1;-1;-1;b_schwetz ~ b_kulm
5411;5412;river_large;1096;-1;-1;-1;-1;b_banja ~ b_karabolam
2894;2815;river_large;3238;-1;-1;-1;-1;b_dannenberg ~ b_klenow
2815;2899;river_large;3239;-1;-1;-1;-1;b_klenow ~ b_werben
4921;3198;river_large;1053;-1;-1;-1;-1;b_bydgoszcz ~ b_kulm
5211;5215;river_large;8576;-1;-1;-1;-1;b_oryol ~ b_novosil
5210;5215;river_large;8576;-1;-1;-1;-1;b_krom ~ b_novosil
2814;2899;river_large;3239;-1;-1;-1;-1;b_havelberg ~ b_werben
5411;609;river_large;8582;-1;-1;-1;-1;b_banja ~ b_samar_VB
3198;4920;river_large;1053;-1;-1;-1;-1;b_kulm ~ b_inowroclaw
576;5208;river_large;1074;-1;-1;-1;-1;b_debryansk ~ b_lokot
5411;5504;river_large;1095;-1;-1;-1;-1;b_banja ~ b_jambalar
5119;5225;river_large;8565;-1;-1;-1;-1;b_babruysk ~ b_cherykaw
5411;5505;river_large;8582;-1;-1;-1;-1;b_banja ~ b_yalachi
3199;4920;river_large;1053;-1;-1;-1;-1;b_torun ~ b_inowroclaw
2899;3170;river_large;3239;-1;-1;-1;-1;b_werben ~ b_tangermunde
4920;4923;river_large;1053;-1;-1;-1;-1;b_inowroclaw ~ b_michalowo
5119;5200;river_large;8565;-1;-1;-1;-1;b_babruysk ~ b_gomel
5369;5504;river_large;1095;-1;-1;-1;-1;b_hanbalik ~ b_jambalar
4920;4922;river_large;1053;-1;-1;-1;-1;b_inowroclaw ~ b_dobrzyn
2900;3170;river_large;3240;-1;-1;-1;-1;b_stendal ~ b_tangermunde
5204;5208;river_large;1074;-1;-1;-1;-1;b_trubetsk ~ b_lokot
4922;4919;river_large;1053;-1;-1;-1;-1;b_dobrzyn ~ b_wloclawek
4922;4940;river_large;1053;-1;-1;-1;-1;b_dobrzyn ~ b_gostynin
529;4940;river_large;1053;-1;-1;-1;-1;b_plock ~ b_gostynin
2900;3171;river_large;3240;-1;-1;-1;-1;b_stendal ~ b_mockern
4933;4940;river_large;1053;-1;-1;-1;-1;b_wyszgorod ~ b_gostynin
4946;4936;river_large;1054;-1;-1;-1;-1;b_zakroczym ~ b_warszawa
4946;4942;river_large;1054;-1;-1;-1;-1;b_zakroczym ~ b_sochaczew
4933;4942;river_large;1053;-1;-1;-1;-1;b_wyszgorod ~ b_sochaczew
4938;4936;river_large;1054;-1;-1;-1;-1;b_brodno ~ b_warszawa
5122;5200;river_large;1077;-1;-1;-1;-1;b_rechytsa ~ b_gomel
2906;3171;river_large;3240;-1;-1;-1;-1;b_magdeburg ~ b_mockern
5204;5192;river_large;8568;-1;-1;-1;-1;b_trubetsk ~ b_glukhov
5286;5372;river_large;1091;-1;-1;-1;-1;b_khursa ~ b_babrov
2425;2103;river_large;3231;-1;-1;-1;-1;b_tiel ~ b_nijmegen
1554;1555;river_large;630;-1;-1;-1;-1;b_wycombe ~ b_reading
567;5192;river_large;8568;-1;-1;-1;-1;b_novgorod_seversky ~ b_glukhov
2429;2103;river_large;3231;-1;-1;-1;-1;b_zutphen ~ b_nijmegen
2425;2104;river_large;3231;-1;-1;-1;-1;b_tiel ~ b_kleve
3176;2906;river_large;3240;-1;-1;-1;-1;b_gommern ~ b_magdeburg
2402;2103;river_large;3231;-1;-1;-1;-1;b_dort ~ b_nijmegen
2429;2104;river_large;3231;-1;-1;-1;-1;b_zutphen ~ b_kleve
5369;5507;river_large;1095;-1;-1;-1;-1;b_hanbalik ~ b_maloi_irghiz
1555;1528;river_large;630;-1;-1;-1;-1;b_reading ~ b_woxbrigge
1527;1526;river_large;629;-1;-1;-1;-1;b_london ~ b_southwark
1528;1510;river_large;630;-1;-1;-1;-1;b_woxbrigge ~ b_chertsey
1529;1526;river_large;629;-1;-1;-1;-1;b_gore ~ b_southwark
530;4938;river_large;1054;-1;-1;-1;-1;b_czersk ~ b_brodno
1526;1516;river_large;629;-1;-1;-1;-1;b_southwark ~ b_chelmsford
530;4939;river_large;1054;-1;-1;-1;-1;b_czersk ~ b_garwolin
1516;1512;river_large;628;-1;-1;-1;-1;b_chelmsford ~ b_kingston
1516;1504;river_large;628;-1;-1;-1;-1;b_chelmsford ~ b_rochester
1515;1504;river_large;628;-1;-1;-1;-1;b_maldon ~ b_rochester
1530;1526;river_large;629;-1;-1;-1;-1;b_brentford ~ b_southwark
2104;2435;river_large;3231;-1;-1;-1;-1;b_kleve ~ b_wezel
5113;5109;river_large;1079;-1;-1;-1;-1;b_luninets ~ b_dubrovytsia
5113;552;river_large;1079;-1;-1;-1;-1;b_luninets ~ b_turov
2435;2101;river_large;3231;-1;-1;-1;-1;b_wezel ~ b_moers
5116;552;river_large;1079;-1;-1;-1;-1;b_mikashevichy ~ b_turov
1555;1530;river_large;630;-1;-1;-1;-1;b_reading ~ b_brentford
1530;1510;river_large;630;-1;-1;-1;-1;b_brentford ~ b_chertsey
5115;5106;river_large;1079;-1;-1;-1;-1;b_zhytkavichy ~ b_mazyr
5121;5106;river_large;1079;-1;-1;-1;-1;b_kalinkavichy ~ b_mazyr
5369;608;river_large;1095;-1;-1;-1;-1;b_hanbalik ~ b_ukek
5115;552;river_large;1079;-1;-1;-1;-1;b_zhytkavichy ~ b_turov
5109;5116;river_large;1079;-1;-1;-1;-1;b_dubrovytsia ~ b_mikashevichy
5122;553;river_large;1077;-1;-1;-1;-1;b_rechytsa ~ b_lyubech
5285;5372;river_large;1091;-1;-1;-1;-1;b_khorysdan ~ b_babrov
5285;5371;river_large;1091;-1;-1;-1;-1;b_khorysdan ~ b_karatayak
2101;2677;river_large;3231;-1;-1;-1;-1;b_moers ~ b_essen
530;4951;river_large;1055;-1;-1;-1;-1;b_czersk ~ b_stezyca
592;5347;river_large;1103;-1;-1;-1;-1;b_saratov ~ b_engels
5121;5107;river_large;1083;-1;-1;-1;-1;b_kalinkavichy ~ b_naroulia
5369;5347;river_large;1103;-1;-1;-1;-1;b_hanbalik ~ b_engels
5107;5122;river_large;1083;-1;-1;-1;-1;b_naroulia ~ b_rechytsa
4951;4953;river_large;1055;-1;-1;-1;-1;b_stezyca ~ b_radom
2682;2677;river_large;3231;-1;-1;-1;-1;b_neuss ~ b_essen
2682;2433;river_large;3232;-1;-1;-1;-1;b_neuss ~ b_bergh
5122;554;river_large;1077;-1;-1;-1;-1;b_rechytsa ~ b_chernigov
567;5191;river_large;8568;-1;-1;-1;-1;b_novgorod_seversky ~ b_borzna
554;5201;river_large;1073;-1;-1;-1;-1;b_chernigov ~ b_unenezh
567;5201;river_large;1073;-1;-1;-1;-1;b_novgorod_seversky ~ b_unenezh
2433;2088;river_large;3232;-1;-1;-1;-1;b_bergh ~ b_cologne
5122;5095;river_large;1083;-1;-1;-1;-1;b_rechytsa ~ b_chornobyl
2088;2688;river_large;3232;-1;-1;-1;-1;b_cologne ~ b_siegburg
5095;554;river_large;8564;-1;-1;-1;-1;b_chornobyl ~ b_chernigov
5347;5294;river_large;1103;-1;-1;-1;-1;b_engels ~ b_kamyshin
2087;2433;river_large;3233;-1;-1;-1;-1;b_bonn ~ b_bergh
5371;566;river_large;8583;-1;-1;-1;-1;b_karatayak ~ b_oskol
5371;5325;river_large;8583;-1;-1;-1;-1;b_karatayak ~ b_boguchar
2087;2688;river_large;3233;-1;-1;-1;-1;b_bonn ~ b_siegburg
554;5178;river_large;1073;-1;-1;-1;-1;b_chernigov ~ b_boryspil
5082;554;river_large;8564;-1;-1;-1;-1;b_vyshgorod ~ b_chernigov
2087;2689;river_large;3233;-1;-1;-1;-1;b_bonn ~ b_sayn
2689;2086;river_large;3233;-1;-1;-1;-1;b_sayn ~ b_adenau
2087;2691;river_large;3233;-1;-1;-1;-1;b_bonn ~ b_isenburg
547;554;river_large;8564;-1;-1;-1;-1;b_kiev ~ b_chernigov
5325;5380;river_large;8583;-1;-1;-1;-1;b_boguchar ~ b_bychok
547;5178;river_large;8564;-1;-1;-1;-1;b_kiev ~ b_boryspil
5294;5316;river_large;1094;-1;-1;-1;-1;b_kamyshin ~ b_nikolaievsk
5380;5287;river_large;8583;-1;-1;-1;-1;b_bychok ~ b_kazanskaya
593;5287;river_large;8583;-1;-1;-1;-1;b_khopyor ~ b_kazanskaya
547;555;river_large;1072;-1;-1;-1;-1;b_kiev ~ b_pereyaslavl
555;5085;river_large;1072;-1;-1;-1;-1;b_pereyaslavl ~ b_kaniv
2176;2175;river_large;3234;-1;-1;-1;-1;b_fecamp ~ b_harcourt
5085;5180;river_large;1072;-1;-1;-1;-1;b_kaniv ~ b_zolotonosha
2179;2175;river_large;3234;-1;-1;-1;-1;b_rouen ~ b_harcourt
5295;5287;river_large;1090;-1;-1;-1;-1;b_yelan ~ b_kazanskaya
5295;5292;river_large;1090;-1;-1;-1;-1;b_yelan ~ b_ust-donvokhi
2175;2180;river_large;3234;-1;-1;-1;-1;b_harcourt ~ b_gisors
2180;2329;river_large;3235;-1;-1;-1;-1;b_gisors ~ b_evreux
5295;5291;river_large;1090;-1;-1;-1;-1;b_yelan ~ b_siyahtepe
595;619;river_large;1094;-1;-1;-1;-1;b_sarysyn ~ b_saray
595;5316;river_large;1094;-1;-1;-1;-1;b_sarysyn ~ b_nikolaievsk
5293;5291;river_large;8584;-1;-1;-1;-1;b_frolovo ~ b_siyahtepe
2329;2179;river_large;3235;-1;-1;-1;-1;b_evreux ~ b_rouen
2180;2330;river_large;3235;-1;-1;-1;-1;b_gisors ~ b_vernon
5189;5085;river_large;1071;-1;-1;-1;-1;b_voin ~ b_kaniv
5189;5263;river_large;1071;-1;-1;-1;-1;b_voin ~ b_cherkassy
5291;595;river_large;8584;-1;-1;-1;-1;b_siyahtepe ~ b_sarysyn
2330;2181;river_large;3235;-1;-1;-1;-1;b_vernon ~ b_mantes
2181;2332;river_large;3235;-1;-1;-1;-1;b_mantes ~ b_montfort
5064;536;river_large;8562;-1;-1;-1;-1;b_zvenyhorod ~ b_halych
2181;2333;river_large;3236;-1;-1;-1;-1;b_mantes ~ b_paris
2357;2333;river_large;3236;-1;-1;-1;-1;b_saint_denis ~ b_paris
2332;2357;river_large;3236;-1;-1;-1;-1;b_montfort ~ b_saint_denis
2333;2356;river_large;3236;-1;-1;-1;-1;b_paris ~ b_montreuil
5181;5264;river_large;1071;-1;-1;-1;-1;b_hradyzk ~ b_sacacatce
536;5067;river_large;8562;-1;-1;-1;-1;b_halych ~ b_moklekov
2333;2354;river_large;3236;-1;-1;-1;-1;b_paris ~ b_melun
5181;5275;river_large;1071;-1;-1;-1;-1;b_hradyzk ~ b_salmacatce
2335;2356;river_large;3236;-1;-1;-1;-1;b_montlhery ~ b_montreuil
5067;5061;river_large;8562;-1;-1;-1;-1;b_moklekov ~ b_kolomyia
5184;5275;river_large;1071;-1;-1;-1;-1;b_poltava ~ b_salmacatce
5282;5275;river_large;8563;-1;-1;-1;-1;b_karlivka ~ b_salmacatce
5282;5274;river_large;8563;-1;-1;-1;-1;b_karlivka ~ b_dnipro
556;5274;river_large;8563;-1;-1;-1;-1;b_samar ~ b_dnipro
5291;5315;river_large;8584;-1;-1;-1;-1;b_siyahtepe ~ b_aksay
5067;5042;river_large;1057;-1;-1;-1;-1;b_moklekov ~ b_cernauti
5098;5040;river_large;1057;-1;-1;-1;-1;b_ushytsia ~ b_hotin
5100;5040;river_large;1057;-1;-1;-1;-1;b_yampil ~ b_hotin
5069;5042;river_large;1057;-1;-1;-1;-1;b_chortkiv ~ b_cernauti
5069;5040;river_large;1057;-1;-1;-1;-1;b_chortkiv ~ b_hotin
5345;605;river_large;1093;-1;-1;-1;-1;b_chyorny_yar ~ b_beksima
5100;5021;river_large;1057;-1;-1;-1;-1;b_yampil ~ b_soroca
594;5315;river_large;1090;-1;-1;-1;-1;b_kazarki ~ b_aksay
557;5274;river_large;8563;-1;-1;-1;-1;b_khortytsia ~ b_dnipro
5021;5257;river_large;1057;-1;-1;-1;-1;b_soroca ~ b_ladyzyn
5334;5345;river_large;1093;-1;-1;-1;-1;b_yenotayevka ~ b_chyorny_yar
5257;5022;river_large;8561;-1;-1;-1;-1;b_ladyzyn ~ b_balti
557;5273;river_large;8563;-1;-1;-1;-1;b_khortytsia ~ b_nikopol
5257;5019;river_large;8561;-1;-1;-1;-1;b_ladyzyn ~ b_orhei
594;607;river_large;1090;-1;-1;-1;-1;b_kazarki ~ b_sarkel
5334;620;river_large;1092;-1;-1;-1;-1;b_yenotayevka ~ b_itil
2263;2260;river_large;3227;-1;-1;-1;-1;b_luigne ~ b_melay
5290;607;river_large;1090;-1;-1;-1;-1;b_golden_hills ~ b_sarkel
2263;2261;river_large;3227;-1;-1;-1;-1;b_luigne ~ b_saumur
2267;2261;river_large;3227;-1;-1;-1;-1;b_angers ~ b_saumur
5019;5258;river_large;8561;-1;-1;-1;-1;b_orhei ~ b_birzula
2166;2260;river_large;3227;-1;-1;-1;-1;b_chateaubriant ~ b_melay
5290;5332;river_large;1090;-1;-1;-1;-1;b_golden_hills ~ b_semikarakary
596;5288;river_large;8585;-1;-1;-1;-1;b_tana ~ b_manych
2153;2151;river_large;3226;-1;-1;-1;-1;b_guerande ~ b_rais
2152;2151;river_large;3226;-1;-1;-1;-1;b_nantes ~ b_rais
2166;2151;river_large;3227;-1;-1;-1;-1;b_chateaubriant ~ b_rais
596;597;river_large;8585;-1;-1;-1;-1;b_tana ~ b_azov
2152;2260;river_large;3226;-1;-1;-1;-1;b_nantes ~ b_melay
2273;2274;river_large;3228;-1;-1;-1;-1;b_tourraine ~ b_tours
5290;5288;river_large;8585;-1;-1;-1;-1;b_golden_hills ~ b_manych
3934;3823;river_large;1067;-1;-1;-1;-1;b_somorja ~ b_gyor
604;620;river_large;1092;-1;-1;-1;-1;b_khazaran ~ b_itil
3848;3808;river_large;1066;-1;-1;-1;-1;b_hont ~ b_esztergom
3848;3803;river_large;1066;-1;-1;-1;-1;b_hont ~ b_visegrad_hun
3849;3803;river_large;1066;-1;-1;-1;-1;b_nograd ~ b_visegrad_hun
2267;2274;river_large;3228;-1;-1;-1;-1;b_angers ~ b_tours
3976;3808;river_large;1067;-1;-1;-1;-1;b_beny ~ b_esztergom
5273;5278;river_large;1070;-1;-1;-1;-1;b_nikopol ~ b_kakovka
3976;3809;river_large;1067;-1;-1;-1;-1;b_beny ~ b_komarom
3934;3809;river_large;1067;-1;-1;-1;-1;b_somorja ~ b_komarom
3916;3809;river_large;1067;-1;-1;-1;-1;b_batorkeszi ~ b_komarom
3916;3808;river_large;1067;-1;-1;-1;-1;b_batorkeszi ~ b_esztergom
3803;522;river_large;1066;-1;-1;-1;-1;b_visegrad_hun ~ b_pest
5272;5278;river_large;1070;-1;-1;-1;-1;b_beryslav ~ b_kakovka
5019;5267;river_large;8561;-1;-1;-1;-1;b_orhei ~ b_tiraspol
5313;5311;river_large;1092;-1;-1;-1;-1;b_saqsin ~ b_astrakhan
5020;5267;river_large;8561;-1;-1;-1;-1;b_tuzara ~ b_tiraspol
604;5313;river_large;1092;-1;-1;-1;-1;b_khazaran ~ b_saqsin
3806;522;river_large;1066;-1;-1;-1;-1;b_csakvar ~ b_pest
5267;5018;river_large;1056;-1;-1;-1;-1;b_tiraspol ~ b_chisinau
5267;5011;river_large;1056;-1;-1;-1;-1;b_tiraspol ~ b_tighina
3805;522;river_large;1066;-1;-1;-1;-1;b_szekesfehervar ~ b_pest
5272;558;river_large;1070;-1;-1;-1;-1;b_beryslav ~ b_oleshye
5011;5268;river_large;1056;-1;-1;-1;-1;b_tighina ~ b_odessa
3805;3807;river_large;1066;-1;-1;-1;-1;b_szekesfehervar ~ b_kalocsa
5269;558;river_large;1070;-1;-1;-1;-1;b_kherson ~ b_oleshye
3839;3807;river_large;1065;-1;-1;-1;-1;b_tolna ~ b_kalocsa
5268;512;river_large;1056;-1;-1;-1;-1;b_odessa ~ b_cetatea_alba
3839;3863;river_large;1065;-1;-1;-1;-1;b_tolna ~ b_bodrog
3840;3807;river_large;1065;-1;-1;-1;-1;b_simontornya ~ b_kalocsa
3840;3863;river_large;1065;-1;-1;-1;-1;b_simontornya ~ b_bodrog
3845;3863;river_large;1065;-1;-1;-1;-1;b_mohacs ~ b_bodrog
2145;2141;river_large;3223;-1;-1;-1;-1;b_jonzac ~ b_medoc
2065;2033;river_large;3249;-1;-1;-1;-1;b_lyon ~ b_vienne
3863;3842;river_large;1065;-1;-1;-1;-1;b_bodrog ~ b_baranyavar
2141;2144;river_large;3223;-1;-1;-1;-1;b_medoc ~ b_blaye
2065;2064;river_large;3249;-1;-1;-1;-1;b_lyon ~ b_valence
5016;3694;river_large;1058;-1;-1;-1;-1;b_cahul ~ b_tulcha
2142;2144;river_large;3223;-1;-1;-1;-1;b_bordeaux ~ b_blaye
511;3694;river_large;1058;-1;-1;-1;-1;b_galati ~ b_tulcha
3842;518;river_large;8560;-1;-1;-1;-1;b_baranyavar ~ b_bacs
3258;2064;river_large;3249;-1;-1;-1;-1;b_annonay ~ b_valence
5003;3694;river_large;1058;-1;-1;-1;-1;b_braila ~ b_tulcha
518;3609;river_large;8560;-1;-1;-1;-1;b_bacs ~ b_osijek
5010;3694;river_large;1058;-1;-1;-1;-1;b_sulina ~ b_tulcha
2142;2143;river_large;3223;-1;-1;-1;-1;b_bordeaux ~ b_fronsac
3694;5013;river_large;1058;-1;-1;-1;-1;b_tulcha ~ b_oblucita
3610;518;river_large;8560;-1;-1;-1;-1;b_vakovo ~ b_bacs
518;3611;river_large;8560;-1;-1;-1;-1;b_bacs ~ b_ilok
3830;3739;river_large;8560;-1;-1;-1;-1;b_titel ~ b_szerem
3830;3611;river_large;8560;-1;-1;-1;-1;b_titel ~ b_ilok
2143;2197;river_large;3223;-1;-1;-1;-1;b_fronsac ~ b_langon
3258;8717;river_large;3248;-1;-1;-1;-1;b_annonay ~ b_monteil
2475;2487;river_large;3246;-1;-1;-1;-1;b_pavia ~ b_voghera
2476;2488;river_large;3246;-1;-1;-1;-1;b_lodi ~ b_piacenza
3739;3879;river_large;1063;-1;-1;-1;-1;b_szerem ~ b_becse
2475;2488;river_large;3246;-1;-1;-1;-1;b_pavia ~ b_piacenza
2476;2489;river_large;3246;-1;-1;-1;-1;b_lodi ~ b_roncaglia
2491;2489;river_large;3245;-1;-1;-1;-1;b_cremona ~ b_roncaglia
3739;3878;river_large;1063;-1;-1;-1;-1;b_szerem ~ b_pancsova
2487;2476;river_large;3246;-1;-1;-1;-1;b_voghera ~ b_lodi
2501;2530;river_large;3244;-1;-1;-1;-1;b_verona ~ b_guastalla
2143;2198;river_large;3224;-1;-1;-1;-1;b_fronsac ~ b_bazadais
2497;2530;river_large;3244;-1;-1;-1;-1;b_mantua ~ b_guastalla
2525;2530;river_large;3244;-1;-1;-1;-1;b_rovigo ~ b_guastalla
2524;2526;river_large;3243;-1;-1;-1;-1;b_adria ~ b_pomposa
2491;2533;river_large;3245;-1;-1;-1;-1;b_cremona ~ b_brescello
3694;4999;river_large;1058;-1;-1;-1;-1;b_tulcha ~ b_fetesti
2235;2198;river_large;3224;-1;-1;-1;-1;b_agenais ~ b_bazadais
2497;2533;river_large;3245;-1;-1;-1;-1;b_mantua ~ b_brescello
2525;2529;river_large;3244;-1;-1;-1;-1;b_rovigo ~ b_cona
2525;2527;river_large;3243;-1;-1;-1;-1;b_rovigo ~ b_ferrara
2524;2527;river_large;3243;-1;-1;-1;-1;b_adria ~ b_ferrara
3613;3878;river_large;1063;-1;-1;-1;-1;b_zemun ~ b_pancsova
2063;8717;river_large;3248;-1;-1;-1;-1;b_viviers ~ b_monteil
3878;505;river_large;1063;-1;-1;-1;-1;b_pancsova ~ b_beograd
4999;510;river_large;1058;-1;-1;-1;-1;b_fetesti ~ b_constanta
3884;3664;river_large;1063;-1;-1;-1;-1;b_fehertemplom ~ b_branicevo
505;3877;river_large;1063;-1;-1;-1;-1;b_beograd ~ b_kevevar
3877;3664;river_large;1063;-1;-1;-1;-1;b_kevevar ~ b_branicevo
516;3667;river_large;1061;-1;-1;-1;-1;b_severin ~ b_kladovo
3877;3601;river_large;1063;-1;-1;-1;-1;b_kevevar ~ b_smederevo
4975;3667;river_large;1061;-1;-1;-1;-1;b_orsova ~ b_kladovo
3884;3665;river_large;1061;-1;-1;-1;-1;b_fehertemplom ~ b_kucevo
4975;3665;river_large;1061;-1;-1;-1;-1;b_orsova ~ b_kucevo
2198;2232;river_large;3224;-1;-1;-1;-1;b_bazadais ~ b_agen
2232;2200;river_large;3225;-1;-1;-1;-1;b_agen ~ b_gabardan
516;4982;river_large;1061;-1;-1;-1;-1;b_severin ~ b_cujmir
2063;2062;river_large;3248;-1;-1;-1;-1;b_viviers ~ b_orange
2232;2204;river_large;3225;-1;-1;-1;-1;b_agen ~ b_lectoure
3667;4982;river_large;1061;-1;-1;-1;-1;b_kladovo ~ b_cujmir
3667;4983;river_large;1061;-1;-1;-1;-1;b_kladovo ~ b_strehaia
4999;3695;river_large;1058;-1;-1;-1;-1;b_fetesti ~ b_mangalia
2232;2205;river_large;3225;-1;-1;-1;-1;b_agen ~ b_lomagne
4999;508;river_large;1059;-1;-1;-1;-1;b_fetesti ~ b_dorostorum
2232;2208;river_large;3225;-1;-1;-1;-1;b_agen ~ b_beaumont_sur_leze
4998;508;river_large;1059;-1;-1;-1;-1;b_radovanu ~ b_dorostorum
4997;508;river_large;1059;-1;-1;-1;-1;b_calarasi ~ b_dorostorum
2205;2213;river_large;3225;-1;-1;-1;-1;b_lomagne ~ b_castelsarrasin
4998;3685;river_large;1059;-1;-1;-1;-1;b_radovanu ~ b_tutrakan
2216;2062;river_large;3247;-1;-1;-1;-1;b_uses ~ b_orange
4991;3685;river_large;1059;-1;-1;-1;-1;b_comana ~ b_tutrakan
4982;506;river_large;1061;-1;-1;-1;-1;b_cujmir ~ b_vidin
2216;2059;river_large;3247;-1;-1;-1;-1;b_uses ~ b_avignon
2216;2017;river_large;3247;-1;-1;-1;-1;b_uses ~ b_arles
506;4981;river_large;1061;-1;-1;-1;-1;b_vidin ~ b_calafat
4991;3682;river_large;1059;-1;-1;-1;-1;b_comana ~ b_cherven
4990;3685;river_large;1059;-1;-1;-1;-1;b_giurgiu ~ b_tutrakan
4990;3682;river_large;1059;-1;-1;-1;-1;b_giurgiu ~ b_cherven
2016;2017;river_large;3247;-1;-1;-1;-1;b_nimes ~ b_arles
4981;3675;river_large;1061;-1;-1;-1;-1;b_calafat ~ b_lom
4984;3675;river_large;1061;-1;-1;-1;-1;b_segarcea ~ b_lom
4981;3670;river_large;1061;-1;-1;-1;-1;b_calafat ~ b_belogradchik
4984;3676;river_large;1060;-1;-1;-1;-1;b_segarcea ~ b_orehovo
4986;3675;river_large;1060;-1;-1;-1;-1;b_corabia ~ b_lom
4986;3679;river_large;1060;-1;-1;-1;-1;b_corabia ~ b_pliven
4986;3676;river_large;1060;-1;-1;-1;-1;b_corabia ~ b_orehovo
514;507;river_large;1060;-1;-1;-1;-1;b_turnu ~ b_nikopolis
514;3679;river_large;1060;-1;-1;-1;-1;b_turnu ~ b_pliven
4990;507;river_large;1059;-1;-1;-1;-1;b_giurgiu ~ b_nikopolis
1834;1996;river_large;3252;-1;-1;-1;-1;b_merida ~ b_medellin
1775;1835;river_large;3252;-1;-1;-1;-1;b_crato ~ b_badajoz
1833;1835;river_large;3252;-1;-1;-1;-1;b_zalaca ~ b_badajoz
1834;1835;river_large;3252;-1;-1;-1;-1;b_merida ~ b_badajoz
1776;1835;river_large;3251;-1;-1;-1;-1;b_elvas ~ b_badajoz
1776;1836;river_large;3251;-1;-1;-1;-1;b_elvas ~ b_olivienza
1777;1836;river_large;3251;-1;-1;-1;-1;b_evora ~ b_olivienza
1777;1837;river_large;3251;-1;-1;-1;-1;b_evora ~ b_moura
1751;1837;river_large;3251;-1;-1;-1;-1;b_beja ~ b_moura
1751;1838;river_large;3251;-1;-1;-1;-1;b_beja ~ b_serpa
1995;1979;river_large;3254;-1;-1;-1;-1;b_cordoba ~ b_cabra
1750;1838;river_large;3250;-1;-1;-1;-1;b_mertola ~ b_serpa
1995;1980;river_large;3254;-1;-1;-1;-1;b_cordoba ~ b_carmona
1838;1748;river_large;3250;-1;-1;-1;-1;b_serpa ~ b_faro
1994;1980;river_large;3254;-1;-1;-1;-1;b_cantillana ~ b_carmona
1994;1981;river_large;3254;-1;-1;-1;-1;b_cantillana ~ b_sevilla
1993;1981;river_large;3254;-1;-1;-1;-1;b_triana ~ b_sevilla
1748;1839;river_large;3250;-1;-1;-1;-1;b_faro ~ b_ayamonte
1841;1981;river_large;3253;-1;-1;-1;-1;b_almonte ~ b_sevilla
1841;1842;river_large;3253;-1;-1;-1;-1;b_almonte ~ b_jerez
1375;1341;river_large;8589;-1;-1;-1;-1;b_kafirkot ~ b_nandana
1375;3416;river_large;8589;-1;-1;-1;-1;b_kafirkot ~ b_wan_bhachran
1375;3415;river_large;8589;-1;-1;-1;-1;b_kafirkot ~ b_mankera
3418;3458;river_large;8592;-1;-1;-1;-1;b_kasur ~ b_jajjanir
1193;3458;river_large;8592;-1;-1;-1;-1;b_jalandhar ~ b_jajjanir
1376;3415;river_large;8589;-1;-1;-1;-1;b_daraban ~ b_mankera
3431;3458;river_large;8592;-1;-1;-1;-1;b_rahon ~ b_jajjanir
1193;3452;river_large;8592;-1;-1;-1;-1;b_jalandhar ~ b_sirhind
1376;1340;river_large;8589;-1;-1;-1;-1;b_daraban ~ b_karor
3419;3458;river_large;8592;-1;-1;-1;-1;b_chunian ~ b_jajjanir
3419;1364;river_large;8592;-1;-1;-1;-1;b_chunian ~ b_tribandapura
3417;1340;river_large;8589;-1;-1;-1;-1;b_dera_ghazi_khan ~ b_karor
3421;1364;river_large;8592;-1;-1;-1;-1;b_pancapura ~ b_tribandapura
809;808;river_large;8605;-1;-1;-1;-1;b_ghuguha_dol ~ b_tinsukia
3421;3423;river_large;8591;-1;-1;-1;-1;b_pancapura ~ b_abohar
3424;3423;river_large;8591;-1;-1;-1;-1;b_ajodhan ~ b_abohar
4828;4796;river_large;6126;-1;-1;-1;-1;b_baghdad ~ b_an-nahrawan
4795;4827;river_large;6126;-1;-1;-1;-1;b_ukbara ~ b_sarsar
4827;4796;river_large;6126;-1;-1;-1;-1;b_sarsar ~ b_an-nahrawan
4796;4825;river_large;6126;-1;-1;-1;-1;b_an-nahrawan ~ b_al-farasa
3424;1178;river_large;8591;-1;-1;-1;-1;b_ajodhan ~ b_karur
4796;4824;river_large;6126;-1;-1;-1;-1;b_an-nahrawan ~ b_humaniya
4797;4824;river_large;6126;-1;-1;-1;-1;b_iskaf ~ b_humaniya
3411;1178;river_large;8591;-1;-1;-1;-1;b_vehari ~ b_karur
3417;3414;river_large;8588;-1;-1;-1;-1;b_dera_ghazi_khan ~ b_alipur
809;811;river_large;8605;-1;-1;-1;-1;b_ghuguha_dol ~ b_carguya
4824;4798;river_large;6126;-1;-1;-1;-1;b_humaniya ~ b_jabbul
809;810;river_large;8605;-1;-1;-1;-1;b_ghuguha_dol ~ b_charaideo
4798;4823;river_large;6127;-1;-1;-1;-1;b_jabbul ~ b_an-numaniya
3407;3414;river_large;8588;-1;-1;-1;-1;b_dajal ~ b_alipur
3410;1178;river_large;8591;-1;-1;-1;-1;b_askhanda ~ b_karur
4823;4822;river_large;6127;-1;-1;-1;-1;b_an-numaniya ~ b_kaskar
809;813;river_large;8604;-1;-1;-1;-1;b_ghuguha_dol ~ b_numaligarh
812;813;river_large;8604;-1;-1;-1;-1;b_narayanpur ~ b_numaligarh
1418;813;river_large;8604;-1;-1;-1;-1;b_haruppeswara ~ b_numaligarh
4823;4821;river_large;6127;-1;-1;-1;-1;b_an-numaniya ~ b_wasit
1338;1178;river_large;8590;-1;-1;-1;-1;b_multan ~ b_karur
1338;1337;river_large;8590;-1;-1;-1;-1;b_multan ~ b_uch
3414;1337;river_large;8590;-1;-1;-1;-1;b_alipur ~ b_uch
1418;815;river_large;8604;-1;-1;-1;-1;b_haruppeswara ~ b_pragyotisapura
6004;4821;river_large;6127;-1;-1;-1;-1;b_as-saliq ~ b_wasit
1321;815;river_large;8604;-1;-1;-1;-1;b_kamarupanagara ~ b_pragyotisapura
1339;3414;river_large;8588;-1;-1;-1;-1;b_rajanpur ~ b_alipur
1339;1337;river_large;8588;-1;-1;-1;-1;b_rajanpur ~ b_uch
1339;3408;river_large;1309;-1;-1;-1;-1;b_rajanpur ~ b_chachran
6004;6005;river_large;6127;-1;-1;-1;-1;b_as-saliq ~ b_ar-rusafa-iraq
1321;820;river_large;8603;-1;-1;-1;-1;b_kamarupanagara ~ b_kamakhya
814;820;river_large;8603;-1;-1;-1;-1;b_manikuta ~ b_kamakhya
814;819;river_large;8603;-1;-1;-1;-1;b_manikuta ~ b_sri_surya_pahar
816;1246;river_large;8603;-1;-1;-1;-1;b_dhubri ~ b_goalpara
814;1246;river_large;8603;-1;-1;-1;-1;b_manikuta ~ b_goalpara
1339;3391;river_large;1309;-1;-1;-1;-1;b_rajanpur ~ b_bhatiya
1374;3408;river_large;1309;-1;-1;-1;-1;b_rojhan ~ b_chachran
1374;3391;river_large;1309;-1;-1;-1;-1;b_rojhan ~ b_bhatiya
6004;6007;river_large;6128;-1;-1;-1;-1;b_as-saliq ~ b_al-qatr
6007;6021;river_large;6128;-1;-1;-1;-1;b_al-qatr ~ b_matara-iraq
6008;6021;river_large;6128;-1;-1;-1;-1;b_nahr_simmara ~ b_matara-iraq
6016;6021;river_large;6128;-1;-1;-1;-1;b_bayan ~ b_matara-iraq
6004;6021;river_large;6128;-1;-1;-1;-1;b_as-saliq ~ b_matara-iraq
1374;1336;river_large;1309;-1;-1;-1;-1;b_rojhan ~ b_vijnot
6007;6002;river_large;6128;-1;-1;-1;-1;b_al-qatr ~ b_al-akhadid
6016;6020;river_large;6128;-1;-1;-1;-1;b_bayan ~ b_al-ubulla
1244;1246;river_large;1316;-1;-1;-1;-1;b_kamatapur ~ b_goalpara
6016;6019;river_large;6128;-1;-1;-1;-1;b_bayan ~ b_bajlan
1374;3393;river_large;1309;-1;-1;-1;-1;b_rojhan ~ b_ghotki
3406;1336;river_large;1309;-1;-1;-1;-1;b_shikarpur ~ b_vijnot
3406;3393;river_large;1309;-1;-1;-1;-1;b_shikarpur ~ b_ghotki
6019;6017;river_large;6128;-1;-1;-1;-1;b_bajlan ~ b_abbadan
1244;852;river_large;1316;-1;-1;-1;-1;b_kamatapur ~ b_nasirabad
847;1246;river_large;1316;-1;-1;-1;-1;b_ghoraghat ~ b_goalpara
847;852;river_large;1316;-1;-1;-1;-1;b_ghoraghat ~ b_nasirabad
1282;1414;river_large;1314;-1;-1;-1;-1;b_lalganj ~ b_kora
1138;3393;river_large;1309;-1;-1;-1;-1;b_bhakkar ~ b_ghotki
847;1325;river_large;1316;-1;-1;-1;-1;b_ghoraghat ~ b_madhupur
1138;1175;river_large;1309;-1;-1;-1;-1;b_bhakkar ~ b_aror
882;876;river_large;1315;-1;-1;-1;-1;b_chapra ~ b_arrah
882;869;river_large;1315;-1;-1;-1;-1;b_chapra ~ b_maner
9654;872;river_large;1313;-1;-1;-1;-1;b_bangaon ~ b_vikramasila
9655;872;river_large;1313;-1;-1;-1;-1;b_jalalghar ~ b_vikramasila
879;869;river_large;1315;-1;-1;-1;-1;b_hajipur ~ b_maner
879;1154;river_large;1315;-1;-1;-1;-1;b_hajipur ~ b_pataliputra
884;876;river_large;1315;-1;-1;-1;-1;b_haldi2 ~ b_arrah
9656;872;river_large;1313;-1;-1;-1;-1;b_burhi_gandak ~ b_vikramasila
879;867;river_large;1315;-1;-1;-1;-1;b_hajipur ~ b_odantapuri
9656;867;river_large;1315;-1;-1;-1;-1;b_burhi_gandak ~ b_odantapuri
9656;1152;river_large;1315;-1;-1;-1;-1;b_burhi_gandak ~ b_mudgagiri
846;1325;river_large;1316;-1;-1;-1;-1;b_mahasthangarh ~ b_madhupur
1282;1283;river_large;1314;-1;-1;-1;-1;b_lalganj ~ b_asni
9656;871;river_large;1313;-1;-1;-1;-1;b_burhi_gandak ~ b_campa
1138;3392;river_large;1308;-1;-1;-1;-1;b_bhakkar ~ b_siraj_ji_takri
9656;870;river_large;1315;-1;-1;-1;-1;b_burhi_gandak ~ b_bihar_sharif
1371;1175;river_large;1308;-1;-1;-1;-1;b_larkana ~ b_aror
1371;3392;river_large;1308;-1;-1;-1;-1;b_larkana ~ b_siraj_ji_takri
1284;1283;river_large;1314;-1;-1;-1;-1;b_manikpur ~ b_asni
1284;1113;river_large;1314;-1;-1;-1;-1;b_manikpur ~ b_kara
883;875;river_large;8602;-1;-1;-1;-1;b_gadhipuri ~ b_jaund
884;875;river_large;8602;-1;-1;-1;-1;b_haldi2 ~ b_jaund
872;838;river_large;1313;-1;-1;-1;-1;b_vikramasila ~ b_hazrat_pandua
843;9655;river_large;1313;-1;-1;-1;-1;b_agmahl ~ b_jalalghar
843;838;river_large;1313;-1;-1;-1;-1;b_agmahl ~ b_hazrat_pandua
1163;875;river_large;8602;-1;-1;-1;-1;b_varanasi ~ b_jaund
1325;848;river_large;1316;-1;-1;-1;-1;b_madhupur ~ b_somapur
1370;3392;river_large;1308;-1;-1;-1;-1;b_mohenjo_daro ~ b_siraj_ji_takri
1284;1328;river_large;1314;-1;-1;-1;-1;b_manikpur ~ b_prayaga
843;837;river_large;1313;-1;-1;-1;-1;b_agmahl ~ b_gaur
885;1328;river_large;1314;-1;-1;-1;-1;b_bhadohi ~ b_prayaga
885;905;river_large;8602;-1;-1;-1;-1;b_bhadohi ~ b_kantit
848;851;river_large;1316;-1;-1;-1;-1;b_somapur ~ b_dhakeshwari_jatiya_mandir
837;842;river_large;1313;-1;-1;-1;-1;b_gaur ~ b_raktamrittika
6047;6046;river_large;6026;-1;-1;-1;-1;b_samannud ~ b_dumiyat
1370;1333;river_large;1308;-1;-1;-1;-1;b_mohenjo_daro ~ b_siwistan
848;833;river_large;1316;-1;-1;-1;-1;b_somapur ~ b_ekdala
885;1281;river_large;8602;-1;-1;-1;-1;b_bhadohi ~ b_chunar
1163;1281;river_large;8602;-1;-1;-1;-1;b_varanasi ~ b_chunar
1151;842;river_large;1313;-1;-1;-1;-1;b_laksmanavati ~ b_raktamrittika
1151;1243;river_large;1312;-1;-1;-1;-1;b_laksmanavati ~ b_karnasubarna
6052;6049;river_large;6027;-1;-1;-1;-1;b_rashid ~ b_nastarawa
6047;6043;river_large;6026;-1;-1;-1;-1;b_samannud ~ b_daqahla
905;1163;river_large;8602;-1;-1;-1;-1;b_kantit ~ b_varanasi
861;833;river_large;1316;-1;-1;-1;-1;b_pabna ~ b_ekdala
861;851;river_large;1316;-1;-1;-1;-1;b_pabna ~ b_dhakeshwari_jatiya_mandir
839;1243;river_large;1312;-1;-1;-1;-1;b_rampur_boalia ~ b_karnasubarna
6049;6054;river_large;6027;-1;-1;-1;-1;b_nastarawa ~ b_damanhur
842;1243;river_large;456;-1;-1;-1;-1;b_raktamrittika ~ b_karnasubarna
3405;1333;river_large;1308;-1;-1;-1;-1;b_khudabad ~ b_siwistan
9645;9641;river_large;8611;-1;-1;-1;-1;b_htigyaing ~ b_singu
861;1243;river_large;1312;-1;-1;-1;-1;b_pabna ~ b_karnasubarna
6054;6050;river_large;6027;-1;-1;-1;-1;b_damanhur ~ b_ibyar
3405;3394;river_large;1308;-1;-1;-1;-1;b_khudabad ~ b_mir_rukan
9646;9643;river_large;8611;-1;-1;-1;-1;b_myedu ~ b_takon
9646;9641;river_large;8611;-1;-1;-1;-1;b_myedu ~ b_singu
861;1240;river_large;1312;-1;-1;-1;-1;b_pabna ~ b_fathabad
6051;6043;river_large;6026;-1;-1;-1;-1;b_minuf ~ b_daqahla
6051;6041;river_large;6026;-1;-1;-1;-1;b_minuf ~ b_qalyub
833;1240;river_large;1311;-1;-1;-1;-1;b_ekdala ~ b_fathabad
6055;6050;river_large;6027;-1;-1;-1;-1;b_ramsis ~ b_ibyar
3404;3394;river_large;1308;-1;-1;-1;-1;b_sharusan ~ b_mir_rukan
9569;9641;river_large;8611;-1;-1;-1;-1;b_halin ~ b_singu
1319;1240;river_large;1311;-1;-1;-1;-1;b_bikrampur ~ b_fathabad
855;1243;river_large;456;-1;-1;-1;-1;b_attahasa ~ b_karnasubarna
6055;6051;river_large;6027;-1;-1;-1;-1;b_ramsis ~ b_minuf
3394;1303;river_large;1308;-1;-1;-1;-1;b_mir_rukan ~ b_ranikot
1243;1323;river_large;456;-1;-1;-1;-1;b_karnasubarna ~ b_nabadwipa
1240;834;river_large;1311;-1;-1;-1;-1;b_fathabad ~ b_chandpur
6051;6056;river_large;6027;-1;-1;-1;-1;b_minuf ~ b_abu_ghalib
1240;1318;river_large;1311;-1;-1;-1;-1;b_fathabad ~ b_devaparvata
9569;9640;river_large;8611;-1;-1;-1;-1;b_halin ~ b_madaya
1303;1137;river_large;1308;-1;-1;-1;-1;b_ranikot ~ b_mansura
1323;856;river_large;456;-1;-1;-1;-1;b_nabadwipa ~ b_santipura
6051;6057;river_large;6027;-1;-1;-1;-1;b_minuf ~ b_gizeh
9568;9641;river_large;8611;-1;-1;-1;-1;b_sagaing ~ b_singu
9568;9640;river_large;8611;-1;-1;-1;-1;b_sagaing ~ b_madaya
1137;3401;river_large;1307;-1;-1;-1;-1;b_mansura ~ b_nirun
1236;1318;river_large;1311;-1;-1;-1;-1;b_candradvipa ~ b_devaparvata
1236;834;river_large;1311;-1;-1;-1;-1;b_candradvipa ~ b_chandpur
6041;6057;river_large;6028;-1;-1;-1;-1;b_qalyub ~ b_gizeh
856;857;river_large;456;-1;-1;-1;-1;b_santipura ~ b_pandua
6057;6042;river_large;6028;-1;-1;-1;-1;b_gizeh ~ b_cairo
9568;9558;river_large;8611;-1;-1;-1;-1;b_sagaing ~ b_taungbyon
3401;3397;river_large;1307;-1;-1;-1;-1;b_nirun ~ b_matiari
856;858;river_large;457;-1;-1;-1;-1;b_santipura ~ b_kumarhati
6057;6066;river_large;6028;-1;-1;-1;-1;b_gizeh ~ b_hulwan-cairo
3401;3396;river_large;1307;-1;-1;-1;-1;b_nirun ~ b_nasarpur
9568;9556;river_large;8610;-1;-1;-1;-1;b_sagaing ~ b_ava
6058;6066;river_large;6028;-1;-1;-1;-1;b_busir ~ b_hulwan-cairo
9639;9556;river_large;8610;-1;-1;-1;-1;b_myinmu ~ b_ava
6058;6042;river_large;6028;-1;-1;-1;-1;b_busir ~ b_cairo
9639;9557;river_large;8610;-1;-1;-1;-1;b_myinmu ~ b_pinya
3401;1331;river_large;1307;-1;-1;-1;-1;b_nirun ~ b_sonda
858;836;river_large;457;-1;-1;-1;-1;b_kumarhati ~ b_ishwaripur
6058;6065;river_large;6028;-1;-1;-1;-1;b_busir ~ b_atfih
864;836;river_large;457;-1;-1;-1;-1;b_chandraketugarh ~ b_ishwaripur
3402;1331;river_large;1307;-1;-1;-1;-1;b_thatta ~ b_sonda
3402;3396;river_large;1307;-1;-1;-1;-1;b_thatta ~ b_nasarpur
9639;9552;river_large;8610;-1;-1;-1;-1;b_myinmu ~ b_nyaung_u
9554;9557;river_large;8610;-1;-1;-1;-1;b_myitche ~ b_pinya
9554;9552;river_large;8610;-1;-1;-1;-1;b_myitche ~ b_nyaung_u
6062;6065;river_large;6028;-1;-1;-1;-1;b_ahnas ~ b_atfih
6062;6064;river_large;6028;-1;-1;-1;-1;b_ahnas ~ b_ihrit
3402;3400;river_large;1307;-1;-1;-1;-1;b_thatta ~ b_shahbandar
9554;9550;river_large;8610;-1;-1;-1;-1;b_myitche ~ b_pagan
1297;1331;river_large;1307;-1;-1;-1;-1;b_debul ~ b_sonda
1297;3400;river_large;1307;-1;-1;-1;-1;b_debul ~ b_shahbandar
9553;9550;river_large;8610;-1;-1;-1;-1;b_tantkyitaung ~ b_pagan
6063;6064;river_large;6028;-1;-1;-1;-1;b_al-bahnasa ~ b_ihrit
6063;6068;river_large;6028;-1;-1;-1;-1;b_al-bahnasa ~ b_ansina
9563;9550;river_large;8610;-1;-1;-1;-1;b_salin ~ b_pagan
6067;6068;river_large;6029;-1;-1;-1;-1;b_al-ushmunain ~ b_ansina
6067;6064;river_large;6029;-1;-1;-1;-1;b_al-ushmunain ~ b_ihrit
9563;9574;river_large;8609;-1;-1;-1;-1;b_salin ~ b_peikthanomyo
9562;9574;river_large;8609;-1;-1;-1;-1;b_minbu ~ b_peikthanomyo
6068;6069;river_large;6029;-1;-1;-1;-1;b_ansina ~ b_manfalut
6068;6070;river_large;6029;-1;-1;-1;-1;b_ansina ~ b_asyut
6071;6070;river_large;6029;-1;-1;-1;-1;b_bawit ~ b_asyut
6071;6069;river_large;6029;-1;-1;-1;-1;b_bawit ~ b_manfalut
9562;9575;river_large;8609;-1;-1;-1;-1;b_minbu ~ b_magwe
9565;9575;river_large;8609;-1;-1;-1;-1;b_shwesettaw ~ b_magwe
9565;9574;river_large;8609;-1;-1;-1;-1;b_shwesettaw ~ b_peikthanomyo
6070;6072;river_large;6029;-1;-1;-1;-1;b_asyut ~ b_ikhmin
6072;6073;river_large;6029;-1;-1;-1;-1;b_ikhmin ~ b_ibshaya
9565;9634;river_large;8609;-1;-1;-1;-1;b_shwesettaw ~ b_taungdwingyi
3987;3994;river_large;8601;-1;-1;-1;-1;b_bajrakot ~ b_yajatinagara
3987;1229;river_large;8601;-1;-1;-1;-1;b_bajrakot ~ b_khinjali
9590;9634;river_large;8609;-1;-1;-1;-1;b_thayetmyo ~ b_taungdwingyi
932;1129;river_large;8600;-1;-1;-1;-1;b_ratnagiri ~ b_katak
9590;9588;river_large;8609;-1;-1;-1;-1;b_thayetmyo ~ b_sriksetra
931;1129;river_large;8600;-1;-1;-1;-1;b_athgarh ~ b_katak
931;927;river_large;8600;-1;-1;-1;-1;b_athgarh ~ b_bhubaneswar
3987;3989;river_large;8601;-1;-1;-1;-1;b_bajrakot ~ b_nilamadhav
1156;3989;river_large;8601;-1;-1;-1;-1;b_kodalaka ~ b_nilamadhav
1156;1229;river_large;8601;-1;-1;-1;-1;b_kodalaka ~ b_khinjali
6075;6074;river_large;6125;-1;-1;-1;-1;b_faw ~ b_huw
6076;6074;river_large;6125;-1;-1;-1;-1;b_qina ~ b_huw
931;3989;river_large;8601;-1;-1;-1;-1;b_athgarh ~ b_nilamadhav
6072;6074;river_large;6029;-1;-1;-1;-1;b_ikhmin ~ b_huw
6074;6077;river_large;6125;-1;-1;-1;-1;b_huw ~ b_qus
931;929;river_large;8601;-1;-1;-1;-1;b_athgarh ~ b_dhauli
6078;6077;river_large;6125;-1;-1;-1;-1;b_armant ~ b_qus
6078;6076;river_large;6125;-1;-1;-1;-1;b_armant ~ b_qina
9592;9588;river_large;8608;-1;-1;-1;-1;b_myanaung ~ b_sriksetra
1183;1194;river_large;8594;-1;-1;-1;-1;b_borgarh ~ b_sindkheda
1183;1195;river_large;8593;-1;-1;-1;-1;b_borgarh ~ b_bhamer
1262;1194;river_large;8594;-1;-1;-1;-1;b_thalner ~ b_sindkheda
1262;1188;river_large;8594;-1;-1;-1;-1;b_thalner ~ b_erandol
1263;1188;river_large;8594;-1;-1;-1;-1;b_burhanpur ~ b_erandol
3382;1195;river_large;8593;-1;-1;-1;-1;b_rajpipla ~ b_bhamer
1262;1189;river_large;8594;-1;-1;-1;-1;b_thalner ~ b_amalner
9592;9589;river_large;8608;-1;-1;-1;-1;b_myanaung ~ b_myede
3382;1264;river_large;8593;-1;-1;-1;-1;b_rajpipla ~ b_nandurbar
6077;6079;river_large;6125;-1;-1;-1;-1;b_qus ~ b_udfu
3381;3383;river_large;8593;-1;-1;-1;-1;b_tadkeshwar ~ b_navasarika
3381;1264;river_large;8593;-1;-1;-1;-1;b_tadkeshwar ~ b_nandurbar
1127;3383;river_large;8593;-1;-1;-1;-1;b_akruresvara ~ b_navasarika
6078;6080;river_large;6125;-1;-1;-1;-1;b_armant ~ b_zarnikh
6080;6079;river_large;6125;-1;-1;-1;-1;b_zarnikh ~ b_udfu
9591;9589;river_large;8608;-1;-1;-1;-1;b_hinthada ~ b_myede
9591;9635;river_large;8608;-1;-1;-1;-1;b_hinthada ~ b_tharrawaddy
6079;6081;river_large;6125;-1;-1;-1;-1;b_udfu ~ b_aswan
6082;6081;river_large;6125;-1;-1;-1;-1;b_aswan-west ~ b_aswan
6362;6081;river_large;6125;-1;-1;-1;-1;b_kalabsha ~ b_aswan
9591;9626;river_large;8608;-1;-1;-1;-1;b_hinthada ~ b_bogale
9635;9626;river_large;8607;-1;-1;-1;-1;b_tharrawaddy ~ b_bogale
9599;9626;river_large;8607;-1;-1;-1;-1;b_krapan ~ b_bogale
9633;9626;river_large;8606;-1;-1;-1;-1;b_myaungmya ~ b_bogale
7922;1255;river_large;8599;-1;-1;-1;-1;b_kerimeri ~ b_vemulavada
7923;1255;river_large;8599;-1;-1;-1;-1;b_mancherial ~ b_vemulavada
7923;7908;river_large;8599;-1;-1;-1;-1;b_mancherial ~ b_palampet
7913;7908;river_large;8598;-1;-1;-1;-1;b_bhadracala ~ b_palampet
7913;7910;river_large;8598;-1;-1;-1;-1;b_bhadracala ~ b_palwancha
7913;7911;river_large;8598;-1;-1;-1;-1;b_bhadracala ~ b_polavaram
7915;7911;river_large;8598;-1;-1;-1;-1;b_chutur ~ b_polavaram
7911;1222;river_large;8598;-1;-1;-1;-1;b_polavaram ~ b_rajamahendravaram
7911;7916;river_large;8597;-1;-1;-1;-1;b_polavaram ~ b_draksharama
1123;7916;river_large;8597;-1;-1;-1;-1;b_vengipura ~ b_draksharama
6581;6582;river_large;6793;-1;-1;-1;-1;b_tirakka ~ b_gurma-rharous
6580;6582;river_large;6793;-1;-1;-1;-1;b_bourem ~ b_gurma-rharous
6580;6579;river_large;6793;-1;-1;-1;-1;b_bourem ~ b_koima
6608;6582;river_large;6793;-1;-1;-1;-1;b_kabara ~ b_gurma-rharous
6608;6670;river_large;6793;-1;-1;-1;-1;b_kabara ~ b_bangu
6579;6577;river_large;6794;-1;-1;-1;-1;b_koima ~ b_gao
6613;6670;river_large;6793;-1;-1;-1;-1;b_kouga ~ b_bangu
6613;6671;river_large;6792;-1;-1;-1;-1;b_kouga ~ b_safare
6614;6671;river_large;6792;-1;-1;-1;-1;b_tondiaru ~ b_safare
6579;6576;river_large;6794;-1;-1;-1;-1;b_koima ~ b_gadei
6579;6575;river_large;6794;-1;-1;-1;-1;b_koima ~ b_ansongo
6575;6680;river_large;6794;-1;-1;-1;-1;b_ansongo ~ b_kissi
6680;6572;river_large;6794;-1;-1;-1;-1;b_kissi ~ b_kukiya
6572;6683;river_large;6795;-1;-1;-1;-1;b_kukiya ~ b_gabou_bura
6647;6710;river_large;6792;-1;-1;-1;-1;b_kaniana ~ b_mopti
7805;7834;river_large;8596;-1;-1;-1;-1;b_tiruppur ~ b_srirangam
6620;6647;river_large;6791;-1;-1;-1;-1;b_mara ~ b_kaniana
6572;6684;river_large;6795;-1;-1;-1;-1;b_kukiya ~ b_bura
6620;6646;river_large;6791;-1;-1;-1;-1;b_mara ~ b_soum
6621;6645;river_large;6791;-1;-1;-1;-1;b_shoma ~ b_segou
6619;6645;river_large;6791;-1;-1;-1;-1;b_dia ~ b_segou
6619;6646;river_large;6791;-1;-1;-1;-1;b_dia ~ b_soum
6684;6571;river_large;6795;-1;-1;-1;-1;b_bura ~ b_tillaberi
7834;1201;river_large;8596;-1;-1;-1;-1;b_srirangam ~ b_karavur
8243;8263;river_large;8612;-1;-1;-1;-1;b_badibu ~ b_niamina_jara
7838;1115;river_large;8595;-1;-1;-1;-1;b_nagapattinam ~ b_tanjavur
6571;6688;river_large;6795;-1;-1;-1;-1;b_tillaberi ~ b_say
7836;1201;river_large;8596;-1;-1;-1;-1;b_kannanur_2 ~ b_karavur
7836;7807;river_large;8596;-1;-1;-1;-1;b_kannanur_2 ~ b_uraiyur
7836;1115;river_large;8595;-1;-1;-1;-1;b_kannanur_2 ~ b_tanjavur
8243;8262;river_large;8612;-1;-1;-1;-1;b_badibu ~ b_kiang
8245;8262;river_large;8612;-1;-1;-1;-1;b_niumi ~ b_kiang
8259;8245;river_large;8612;-1;-1;-1;-1;b_kombo ~ b_niumi
8245;8260;river_large;8612;-1;-1;-1;-1;b_niumi ~ b_fogny
8994;6688;river_large;6795;-1;-1;-1;-1;b_zarmaganda ~ b_say
6688;6570;river_large;6795;-1;-1;-1;-1;b_say ~ b_rozi
8261;8268;river_large;1317;-1;-1;-1;-1;b_bainuk ~ b_birasu
8261;8277;river_large;1317;-1;-1;-1;-1;b_bainuk ~ b_kasa
8259;8276;river_large;1317;-1;-1;-1;-1;b_kombo ~ b_jagara
8260;8276;river_large;1317;-1;-1;-1;-1;b_fogny ~ b_jagara
8261;8276;river_large;1317;-1;-1;-1;-1;b_bainuk ~ b_jagara
6570;6713;river_large;6795;-1;-1;-1;-1;b_rozi ~ b_burunfongo
6570;6714;river_large;6796;-1;-1;-1;-1;b_rozi ~ b_pekinga
6570;6715;river_large;6796;-1;-1;-1;-1;b_rozi ~ b_birnin_lafiya
8270;8274;river_large;8702;-1;-1;-1;-1;b_mansoa ~ b_guinala
8272;8274;river_large;8702;-1;-1;-1;-1;b_pepel ~ b_guinala
6569;6715;river_large;6796;-1;-1;-1;-1;b_gaya2 ~ b_birnin_lafiya
6569;6716;river_large;6796;-1;-1;-1;-1;b_gaya2 ~ b_sota
6569;6717;river_large;6796;-1;-1;-1;-1;b_gaya2 ~ b_madekali
6569;6916;river_large;6796;-1;-1;-1;-1;b_gaya2 ~ b_ilo
6569;6915;river_large;6796;-1;-1;-1;-1;b_gaya2 ~ b_kaoje
6553;6915;river_large;6796;-1;-1;-1;-1;b_yauri ~ b_kaoje
6553;6717;river_large;6796;-1;-1;-1;-1;b_yauri ~ b_madekali
6916;6553;river_large;6796;-1;-1;-1;-1;b_ilo ~ b_yauri
6915;6905;river_large;6796;-1;-1;-1;-1;b_kaoje ~ b_ulaira
6718;6905;river_large;8096;-1;-1;-1;-1;b_busa ~ b_ulaira
6718;6553;river_large;8096;-1;-1;-1;-1;b_busa ~ b_yauri
6718;6909;river_large;8095;-1;-1;-1;-1;b_busa ~ b_gbajigbo
6927;6909;river_large;8095;-1;-1;-1;-1;b_moshi ~ b_gbajigbo
6927;6905;river_large;8095;-1;-1;-1;-1;b_moshi ~ b_ulaira
6909;6913;river_large;8095;-1;-1;-1;-1;b_gbajigbo ~ b_jebba
6913;6908;river_large;8095;-1;-1;-1;-1;b_jebba ~ b_raba
6908;6910;river_large;8095;-1;-1;-1;-1;b_raba ~ b_tada
6908;8083;river_large;8094;-1;-1;-1;-1;b_raba ~ b_giragi
6907;8083;river_large;8094;-1;-1;-1;-1;b_kutigi ~ b_giragi
6907;8085;river_large;8094;-1;-1;-1;-1;b_kutigi ~ b_kyadya
6548;8085;river_large;8094;-1;-1;-1;-1;b_bida ~ b_kyadya
8083;6548;river_large;8094;-1;-1;-1;-1;b_giragi ~ b_bida
8085;8100;river_large;8094;-1;-1;-1;-1;b_kyadya ~ b_lower_guara
8078;8100;river_large;8094;-1;-1;-1;-1;b_kakanda ~ b_lower_guara
8078;8101;river_large;8093;-1;-1;-1;-1;b_kakanda ~ b_umaisha
8078;8108;river_large;8093;-1;-1;-1;-1;b_kakanda ~ b_ibah
8077;8101;river_large;8093;-1;-1;-1;-1;b_lokoja ~ b_umaisha
8077;8108;river_large;8093;-1;-1;-1;-1;b_lokoja ~ b_ibah
8076;8108;river_large;8093;-1;-1;-1;-1;b_osse ~ b_ibah
8073;8108;river_large;8093;-1;-1;-1;-1;b_edo ~ b_ibah
8073;8111;river_large;8093;-1;-1;-1;-1;b_edo ~ b_onitsha
8086;8111;river_large;8093;-1;-1;-1;-1;b_ode_itseriki ~ b_onitsha
8086;8114;river_large;8093;-1;-1;-1;-1;b_ode_itseriki ~ b_south_igbo
8087;8114;river_large;8092;-1;-1;-1;-1;b_nembe ~ b_south_igbo
8087;8115;river_large;8092;-1;-1;-1;-1;b_nembe ~ b_bonny
-1;-1;;-1;-1;-1;-1;-1;